country	n_sequence	first_seq_date	last_seq_date	timespan_days	MLST	NG_MAST	NG_STAR	folP_228S	rpsJ_57M	ponA_421P	porB_type	porB_120K	porB_121D	porB_121N	rpoB_553N	pro_mtrR_35Adel	pro_mtrR_A38C	mtrR_45D	mtrR_A39T	mtrR_R44H	gyrA_91F	gyrA_95G	gyrA_95N	parC_86N	parC_87I	parC_87R	parC_88P	parC_91K	penA_311V	penA_312M	penA_316T	penA_483S	penA_501V	penA_542S	penA_545S	penA_551S	23SrRNA_A204G	23SrRNA_C2597T	16SrRNA_C1184T	tetM	blaTEM
United Kingdom	2263	1995-01-12	2018-01-06	8395	1901 (15.9%), 9363 (8.4%), 1918 (6.3%), 1580 (5.8%), 11990 (5.0%), 7363 (4.9%), 8122 (4.7%), 1584 (4.4%), 1579 (4.3%), 7822 (3.4%), 11428 (2.9%), 11516 (2.9%), 1893 (2.9%), 11864 (2.1%), 11463 (2.0%), 1588 (1.9%), 1594 (1.8%), 1596 (1.6%), 11420 (1.5%), 8143 (1.1%), 9362 (0.8%), 1582 (0.8%), 8163 (0.8%), 11999 (0.7%), 1892 (0.6%), 7360 (0.6%), 11172 (0.6%), 8776 (0.6%), 8126 (0.5%), 7826 (0.4%), 8114 (0.4%), 11986 (0.4%), 11956 (0.4%), 1585 (0.4%), 1600 (0.4%), 1590 (0.4%), 1587 (0.4%), 1902 (0.3%), 10931 (0.3%), 10932 (0.3%), 8156 (0.3%), 8135 (0.3%), 7359 (0.3%), 9903 (0.3%), 7823 (0.3%), 7827 (0.2%), 11231 (0.2%), 1599 (0.2%), 11993 (0.2%), 1583 (0.2%), 8392 (0.2%), 11191 (0.1%), 12530 (0.1%), 12039 (0.1%), 7367 (0.1%), 11976 (0.1%), 12505 (0.1%), 11417 (0.1%), 1601 (0.1%), 8784 (0.1%), 12517 (0.1%), 1597 (0.1%), 1931 (0.1%), 11989 (0.1%), 8145 (0.1%), 8148 (0.1%), 1906 (0.1%), 8394 (0.1%), 11421 (0.0%), 12519 (0.0%), 11967 (0.0%), 11979 (0.0%), 11249 (0.0%), 10934 (0.0%), 12507 (0.0%), 8112 (0.0%), 12501 (0.0%), 10622 (0.0%), 12526 (0.0%), 12467 (0.0%), 12508 (0.0%), 12525 (0.0%), 12506 (0.0%), 1904 (0.0%), 1903 (0.0%), 6960 (0.0%), 12500 (0.0%), 10317 (0.0%), 8149 (0.0%), 8130 (0.0%), 12521 (0.0%), 12533 (0.0%), 1925 (0.0%), 12529 (0.0%), 1990 (0.0%), 7365 (0.0%), 7371 (0.0%), 12491 (0.0%), 10305 (0.0%), 12492 (0.0%), 11984 (0.0%), 8123 (0.0%), 11710 (0.0%), 12502 (0.0%), 8153 (0.0%), 8775 (0.0%), new (0.0%), 12503 (0.0%), 12504 (0.0%) (n = 2263)	2992 (11.2%), 1407 (6.5%), 225 (5.8%), 292 (4.0%), 12 (3.6%), 26 (3.6%), 51 (3.0%), 25 (3.0%), 2400 (2.7%), 9768 (2.5%), 4995 (2.2%), 8517 (2.1%), 44 (2.1%), 1780 (2.0%), new (1.7%), 3935 (1.6%), 995 (1.3%), 21 (1.1%), 10421 (1.0%), 6360 (0.8%), 9918 (0.8%), 384 (0.8%), 7164 (0.8%), 19083 (0.7%), 210 (0.7%), 649 (0.6%), 3709 (0.6%), 4528 (0.6%), 2 (0.6%), 1285 (0.5%), 8919 (0.5%), 2487 (0.5%), 5 (0.4%), 359 (0.4%), 3520 (0.4%), 4943 (0.4%), 19156 (0.4%), 147 (0.4%), 10419 (0.4%), 8465 (0.4%), 4758 (0.4%), 5967 (0.4%), 1609 (0.3%), 6129 (0.3%), 5793 (0.3%), 1419 (0.3%), 1034 (0.3%), 190 (0.3%), 471 (0.3%), 3916 (0.3%), 9901 (0.3%), 5624 (0.3%), 11064 (0.3%), 3307 (0.3%), 238 (0.3%), ~5278 (0.3%), 14523 (0.3%), 5899 (0.3%), 1479 (0.3%), 10149 (0.2%), 2212 (0.2%), 645 (0.2%), 8845 (0.2%), 1313 (0.2%), 2475 (0.2%), 684 (0.2%), 8241 (0.2%), 1582 (0.2%), ~5230 (0.2%), 8148 (0.2%), ~1780 (0.2%), 4186 (0.2%), 3422 (0.2%), 470 (0.2%), 3150 (0.2%), 7019 (0.2%), 273 (0.2%), 1443 (0.2%), 758 (0.2%), 4244 (0.2%), 4 (0.2%), 11371 (0.2%), 1440 (0.2%), 11609 (0.1%), 5119 (0.1%), 9380 (0.1%), 8642 (0.1%), 5441 (0.1%), 11674 (0.1%), ~10149 (0.1%), 8987 (0.1%), 9665 (0.1%), 9153 (0.1%), 10039 (0.1%), ~384 (0.1%), 2597 (0.1%), ~8638 (0.1%), 5120 (0.1%), 730 (0.1%), 2202 (0.1%), 217 (0.1%), 13113 (0.1%), 1704 (0.1%), 8030 (0.1%), 7445 (0.1%), 249 (0.1%), 10806 (0.1%), 14308 (0.1%), 377 (0.1%), 495 (0.1%), ~69 (0.1%), 8089 (0.1%), 5049 (0.1%), ~12581 (0.1%), 3387 (0.1%), 19154 (0.1%), 11005 (0.1%), 1737 (0.1%), 4822 (0.1%), 5230 (0.1%), 1856 (0.1%), 13377 (0.1%), 5231 (0.1%), 19115 (0.1%), 6798 (0.1%), 1650 (0.1%), 1813 (0.1%), 11521 (0.1%), ~8723 (0.1%), 202 (0.1%), 8 (0.1%), 752 (0.1%), 5993 (0.1%), 11373 (0.1%), ~13465 (0.1%), 8997 (0.1%), 16848 (0.1%), 8435 (0.1%), 19159 (0.1%), 40 (0.1%), 4234 (0.1%), 289 (0.1%), 766 (0.1%), 5588 (0.1%), 822 (0.1%), 3006 (0.1%), 2575 (0.1%), 7 (0.1%), 4338 (0.1%), 3391 (0.1%), 387 (0.1%), 239 (0.1%), 2997 (0.1%), 5035 (0.1%), 285 (0.1%), ~7579 (0.1%), 5444 (0.1%), ~10965 (0.1%), 9813 (0.1%), 7353 (0.1%), 2963 (0.1%), 10522 (0.1%), 5118 (0.1%), 19118 (0.1%), multiple (0.1%), 19149 (0.1%), 9193 (0.1%), 4643 (0.1%), 7787 (0.1%), 597 (0.1%), 437 (0.1%), 5027 (0.1%), 69 (0.1%), 9362 (0.1%), 338 (0.1%), 6146 (0.1%), ~15348 (0.1%), 9753 (0.1%), 228 (0.1%), 10645 (0.1%), 8989 (0.1%), 6650 (0.0%), 1248 (0.0%), 3378 (0.0%), ~5268 (0.0%), 11078 (0.0%), 1861 (0.0%), 8433 (0.0%), ~12091 (0.0%), 10086 (0.0%), 5341 (0.0%), 14715 (0.0%), 6306 (0.0%), 2998 (0.0%), 11615 (0.0%), 785 (0.0%), 3344 (0.0%), 1687 (0.0%), 1493 (0.0%), 19080 (0.0%), ~5441 (0.0%), 11612 (0.0%), 13986 (0.0%), 19146 (0.0%), 13571 (0.0%), 19150 (0.0%), 13123 (0.0%), 8417 (0.0%), 19100 (0.0%), 8213 (0.0%), 5435 (0.0%), 7344 (0.0%), ~26 (0.0%), 5553 (0.0%), 879 (0.0%), 8127 (0.0%), 9541 (0.0%), 4751 (0.0%), 6339 (0.0%), 19104 (0.0%), 5094 (0.0%), 3 (0.0%), 19151 (0.0%), 19148 (0.0%), 11084 (0.0%), 7345 (0.0%), 8234 (0.0%), 8835 (0.0%), ~386 (0.0%), ~8200 (0.0%), 8652 (0.0%), 19152 (0.0%), 7574 (0.0%), ~16583 (0.0%), 2078 (0.0%), 7998 (0.0%), 5004 (0.0%), 12286 (0.0%), 11642 (0.0%), 3806 (0.0%), 1730 (0.0%), 1200 (0.0%), 757 (0.0%), 6341 (0.0%), ~9528 (0.0%), 2226 (0.0%), 4275 (0.0%), 1986 (0.0%), 3112 (0.0%), 33 (0.0%), 4986 (0.0%), 19089 (0.0%), ~11419 (0.0%), ~8641 (0.0%), 4005 (0.0%), 19153 (0.0%), 865 (0.0%), 19155 (0.0%), 11610 (0.0%), ~40 (0.0%), 19101 (0.0%), 19160 (0.0%), 4580 (0.0%), 5419 (0.0%), 6855 (0.0%), 10528 (0.0%), 19117 (0.0%), 13730 (0.0%), 7674 (0.0%), 2395 (0.0%), 19157 (0.0%), ~1195 (0.0%), 2055 (0.0%), 5194 (0.0%), 13122 (0.0%), 596 (0.0%), 843 (0.0%), 1317 (0.0%), 6711 (0.0%), 8638 (0.0%), 4684 (0.0%), 2193 (0.0%), ~9362 (0.0%), 9198 (0.0%), 3149 (0.0%), 7289 (0.0%), 6712 (0.0%), 951 (0.0%), 11003 (0.0%), 11581 (0.0%), 809 (0.0%), 2476 (0.0%), 9540 (0.0%), 1195 (0.0%), 11836 (0.0%), 5077 (0.0%), ~1407 (0.0%), 11611 (0.0%), 19168 (0.0%), 1866 (0.0%), 4416 (0.0%), 12279 (0.0%), 13565 (0.0%), 4198 (0.0%), 6342 (0.0%), 9983 (0.0%), 5485 (0.0%), 9554 (0.0%), 6923 (0.0%), 9705 (0.0%), 13784 (0.0%), 226 (0.0%), 797 (0.0%), 4977 (0.0%), 15910 (0.0%), 709 (0.0%), 19109 (0.0%), 11023 (0.0%), ~3150 (0.0%), 5212 (0.0%), 10048 (0.0%), 10846 (0.0%), 10800 (0.0%), 1315 (0.0%), 13987 (0.0%), 11079 (0.0%), 8194 (0.0%), 13125 (0.0%), 880 (0.0%), 5560 (0.0%), 1978 (0.0%), 721 (0.0%), 5418 (0.0%), 748 (0.0%), 9187 (0.0%), 11004 (0.0%), 10652 (0.0%), 5185 (0.0%), 7269 (0.0%), 7631 (0.0%), 7621 (0.0%), 19147 (0.0%), 1186 (0.0%), 14057 (0.0%), 5294 (0.0%) (n = 2263)	63 (10.8%), 90 (8.0%), 239 (5.7%), 26 (5.2%), 178 (4.7%), 299 (4.1%), 158 (4.0%), 20 (3.9%), 416 (3.2%), 139 (2.7%), 142 (2.4%), 56 (2.3%), 1996 (2.3%), 439 (1.9%), 67 (1.5%), 192 (1.5%), new (1.3%), 955 (1.2%), 301 (1.1%), 436 (0.8%), 722 (0.8%), 851 (0.8%), 310 (0.8%), 84 (0.7%), 725 (0.7%), 245 (0.7%), 1510 (0.7%), 433 (0.7%), 419 (0.7%), 954 (0.6%), 246 (0.6%), 908 (0.6%), 186 (0.6%), 429 (0.6%), 950 (0.5%), 563 (0.5%), 55 (0.5%), 32 (0.5%), 85 (0.4%), 992 (0.4%), 2005 (0.4%), 46 (0.4%), 89 (0.4%), 102 (0.4%), 182 (0.4%), 153 (0.4%), 162 (0.4%), 373 (0.4%), 177 (0.4%), 408 (0.3%), 271 (0.3%), 426 (0.3%), 307 (0.3%), 231 (0.3%), 240 (0.3%), 729 (0.3%), 440 (0.3%), 446 (0.3%), 450 (0.3%), 934 (0.2%), 150 (0.2%), 719 (0.2%), 453 (0.2%), 520 (0.2%), 249 (0.2%), 1559 (0.2%), 442 (0.2%), 454 (0.2%), 456 (0.2%), 388 (0.2%), 749 (0.2%), 655 (0.2%), 247 (0.2%), 169 (0.2%), 57 (0.2%), 987 (0.2%), 726 (0.1%), 311 (0.1%), 193 (0.1%), 262 (0.1%), 72 (0.1%), 431 (0.1%), 457 (0.1%), 721 (0.1%), 428 (0.1%), 273 (0.1%), 2014 (0.1%), ~192 (0.1%), 438 (0.1%), 462 (0.1%), 22 (0.1%), 452 (0.1%), ~20 (0.1%), 459 (0.1%), 996 (0.1%), 260 (0.1%), 268 (0.1%), 83 (0.1%), 424 (0.1%), 978 (0.1%), 714 (0.1%), 734 (0.1%), 441 (0.1%), 458 (0.1%), 1529 (0.1%), 125 (0.1%), 423 (0.1%), 1556 (0.1%), 467 (0.1%), 425 (0.1%), 218 (0.1%), 146 (0.1%), 2860 (0.1%), 295 (0.1%), 630 (0.1%), 746 (0.1%), 449 (0.1%), 1597 (0.1%), 175 (0.1%), 1267 (0.1%), ~1996 (0.1%), 127 (0.1%), 723 (0.1%), 900 (0.1%), 748 (0.1%), 730 (0.1%), 464 (0.1%), 274 (0.1%), 526 (0.1%), 752 (0.1%), 432 (0.1%), 1557 (0.0%), 445 (0.0%), 733 (0.0%), 741 (0.0%), ~733 (0.0%), 963 (0.0%), 744 (0.0%), ~205 (0.0%), 421 (0.0%), 58 (0.0%), 895 (0.0%), 475 (0.0%), 181 (0.0%), 427 (0.0%), 437 (0.0%), 716 (0.0%), ~178 (0.0%), 738 (0.0%), 2172 (0.0%), 942 (0.0%), 248 (0.0%), 740 (0.0%), 435 (0.0%), 443 (0.0%), 1558 (0.0%), 717 (0.0%), 2842 (0.0%), 390 (0.0%), 27 (0.0%), 718 (0.0%), 157 (0.0%), 739 (0.0%), 479 (0.0%), 2573 (0.0%), ~1038 (0.0%), 681 (0.0%), ~274 (0.0%), 2015 (0.0%), 466 (0.0%), 305 (0.0%), 151 (0.0%), 732 (0.0%), 896 (0.0%), ~183 (0.0%), 366 (0.0%), 481 (0.0%), 735 (0.0%), 979 (0.0%), 933 (0.0%), 465 (0.0%), 434 (0.0%), 451 (0.0%), 470 (0.0%), 736 (0.0%), 972 (0.0%), 474 (0.0%), 250 (0.0%), 389 (0.0%), 715 (0.0%), 1595 (0.0%), ~737 (0.0%), 724 (0.0%), 165 (0.0%), 460 (0.0%), 461 (0.0%), 561 (0.0%), 455 (0.0%), 482 (0.0%), 447 (0.0%), 728 (0.0%), 727 (0.0%), 477 (0.0%), 480 (0.0%), 751 (0.0%), ~26 (0.0%), 720 (0.0%), 906 (0.0%), 859 (0.0%), 731 (0.0%), 471 (0.0%), 747 (0.0%), 1038 (0.0%), 448 (0.0%), 202 (0.0%), 2013 (0.0%), 745 (0.0%), 1598 (0.0%), 473 (0.0%), 905 (0.0%), 263 (0.0%), 476 (0.0%), 1596 (0.0%), 556 (0.0%), 478 (0.0%), 463 (0.0%), 750 (0.0%), 430 (0.0%), 468 (0.0%) (n = 2263)	yes (83.4%), no (16.6%) (n = 2263)	yes (87.2%), no (12.8%) (n = 2263)	no (61.2%), yes (38.8%) (n = 2263)	porB1b (95.3%), porB1a (4.7%) (n = 2263)	no (57.0%), yes (38.5%), EMPTY (4.5%) (n = 2263)	no (69.9%), yes (25.6%), EMPTY (4.5%) (n = 2263)	no (83.2%), yes (12.4%), EMPTY (4.5%) (n = 2263)	no (60.9%), yes (39.1%) (n = 2263)	no (67.0%), yes (32.8%), EMPTY (0.2%) (n = 2263)	no (99.7%), EMPTY (0.2%), yes (0.1%) (n = 2263)	no (79.1%), yes (20.9%) (n = 2263)	no (72.0%), yes (28.0%) (n = 2263)	no (80.8%), yes (19.2%) (n = 2263)	no (65.2%), yes (34.8%) (n = 2263)	no (75.1%), yes (24.9%) (n = 2263)	no (99.6%), yes (0.4%) (n = 2263)	no (98.0%), yes (2.0%) (n = 2263)	no (99.8%), yes (0.2%) (n = 2263)	no (76.6%), yes (23.4%) (n = 2263)	no (100.0%) (n = 2263)	no (99.9%), yes (0.1%) (n = 2263)	no (99.9%), yes (0.1%) (n = 2263)	no (90.1%), yes (9.9%) (n = 2263)	no (90.1%), yes (9.9%) (n = 2263)	no (99.9%), yes (0.1%) (n = 2263)	no (99.7%), yes (0.3%) (n = 2263)	no (98.6%), yes (1.4%) (n = 2263)	no (90.5%), yes (9.5%) (n = 2263)	no (91.5%), yes (8.5%) (n = 2263)	no (95.6%), yes (3.6%), het (0.8%) (n = 2263)	no (98.5%), het (1.1%), yes (0.4%) (n = 2263)	no (100.0%) (n = 2263)	no (90.5%), yes (9.5%) (n = 2263)	no (89.6%), yes (10.4%) (n = 2263)
Portugal	579	2003-01-16	2017-12-28	5460	1901 (27.5%), 9363 (9.2%), 1588 (6.0%), 1579 (5.5%), 7363 (5.4%), 1583 (2.2%), 8122 (2.2%), 7822 (2.1%), 7827 (1.7%), 8143 (1.7%), ~1599 (1.7%), 1599 (1.7%), 8112 (1.6%), 1893 (1.4%), 7367 (1.4%), 7360 (1.4%), 1584 (1.2%), 11727 (1.2%), 9362 (1.2%), 8153 (1.2%), 8156 (1.0%), 1582 (1.0%), 8135 (0.9%), 11975 (0.9%), 1594 (0.9%), 1580 (0.7%), 11422 (0.7%), 11988 (0.7%), 11980 (0.7%), 7371 (0.7%), 11996 (0.7%), 11249 (0.5%), 8110 (0.5%), 11463 (0.5%), 8126 (0.5%), 1902 (0.5%), 8123 (0.5%), 1591 (0.5%), 1596 (0.5%), ~1901 (0.3%), 8161 (0.3%), 11990 (0.3%), 11236 (0.3%), 8154 (0.3%), 11864 (0.3%), 11241 (0.3%), 11516 (0.3%), 11956 (0.3%), 11428 (0.3%), 1595 (0.3%), 9365 (0.3%), 13739 (0.3%), 13536 (0.3%), 8163 (0.3%), new (0.3%), 11191 (0.2%), 13489 (0.2%), ~11988 (0.2%), 1927 (0.2%), 11967 (0.2%), 11247 (0.2%), 11240 (0.2%), 11994 (0.2%), 7826 (0.2%), 13844 (0.2%), 11966 (0.2%), 10314 (0.2%), 1587 (0.2%), 1924 (0.2%), 13956 (0.2%), 11971 (0.2%), 11418 (0.2%), 11704 (0.2%), 1585 (0.2%), 12529 (0.2%), 7365 (0.2%), 11992 (0.2%), 1933 (0.2%) (n = 579)	1407 (11.1%), 7445 (5.4%), 225 (4.8%), 1034 (2.8%), 210 (2.1%), 2400 (1.9%), 2 (1.6%), 645 (1.6%), 11461 (1.4%), 2992 (1.4%), 1479 (1.4%), 4995 (1.2%), 2212 (1.2%), 1861 (1.0%), 1132 (1.0%), 15589 (0.9%), 2018 (0.9%), 3615 (0.7%), 9158 (0.7%), 147 (0.7%), 8149 (0.7%), 3935 (0.7%), 7830 (0.7%), 1466 (0.7%), 10053 (0.7%), 4261 (0.5%), 387 (0.5%), 3618 (0.5%), 5624 (0.5%), 5335 (0.5%), 8147 (0.5%), 4364 (0.5%), 11500 (0.5%), 596 (0.5%), 8126 (0.5%), 359 (0.5%), 3628 (0.5%), 4333 (0.5%), 3613 (0.5%), 8442 (0.5%), 9918 (0.5%), 8517 (0.5%), 13489 (0.3%), 4336 (0.3%), 12102 (0.3%), 7387 (0.3%), 38 (0.3%), 1582 (0.3%), 3631 (0.3%), 4362 (0.3%), 1312 (0.3%), 5558 (0.3%), 338 (0.3%), 3188 (0.3%), 6155 (0.3%), 18222 (0.3%), 3431 (0.3%), 4330 (0.3%), 8154 (0.3%), 17533 (0.3%), 18207 (0.3%), 18195 (0.3%), 355 (0.3%), 975 (0.3%), 2452 (0.3%), 7255 (0.3%), 18190 (0.3%), 18167 (0.3%), 8150 (0.3%), 5649 (0.3%), 5441 (0.3%), 18168 (0.3%), 3394 (0.3%), 2994 (0.3%), 9184 (0.3%), 18196 (0.3%), 21 (0.3%), 1217 (0.3%), 4338 (0.3%), 18171 (0.3%), 18183 (0.3%), new (0.3%), 495 (0.2%), 4315 (0.2%), 18227 (0.2%), 18198 (0.2%), 13113 (0.2%), 18173 (0.2%), 10386 (0.2%), 5967 (0.2%), 18223 (0.2%), 6360 (0.2%), 9157 (0.2%), 292 (0.2%), 16078 (0.2%), 8345 (0.2%), 3633 (0.2%), 4943 (0.2%), 12168 (0.2%), 18221 (0.2%), 18192 (0.2%), 18186 (0.2%), 18211 (0.2%), 3630 (0.2%), 9873 (0.2%), 3627 (0.2%), 2616 (0.2%), 4325 (0.2%), 18214 (0.2%), 1318 (0.2%), 5119 (0.2%), 995 (0.2%), 2265 (0.2%), 18178 (0.2%), 8908 (0.2%), 18193 (0.2%), 9154 (0.2%), 5480 (0.2%), 10037 (0.2%), 3625 (0.2%), 3629 (0.2%), 783 (0.2%), 8907 (0.2%), 226 (0.2%), 4337 (0.2%), 9398 (0.2%), 6122 (0.2%), 18184 (0.2%), 12297 (0.2%), 12004 (0.2%), 8192 (0.2%), 2318 (0.2%), 18170 (0.2%), 18202 (0.2%), 15212 (0.2%), 18213 (0.2%), 18209 (0.2%), 18200 (0.2%), 18197 (0.2%), 18206 (0.2%), 18204 (0.2%), 18169 (0.2%), 9155 (0.2%), 4244 (0.2%), 14700 (0.2%), 2267 (0.2%), 3623 (0.2%), 5 (0.2%), 282 (0.2%), 3620 (0.2%), 18174 (0.2%), 10079 (0.2%), 4348 (0.2%), 7391 (0.2%), 8328 (0.2%), 11744 (0.2%), 18219 (0.2%), 18203 (0.2%), 3377 (0.2%), 5004 (0.2%), 7414 (0.2%), 3616 (0.2%), 5580 (0.2%), 10779 (0.2%), 7254 (0.2%), 10057 (0.2%), 15940 (0.2%), 5267 (0.2%), 3149 (0.2%), 298 (0.2%), 4321 (0.2%), 3307 (0.2%), 18189 (0.2%), 5562 (0.2%), 18212 (0.2%), 8300 (0.2%), 7832 (0.2%), 17454 (0.2%), 8525 (0.2%), 13571 (0.2%), 18215 (0.2%), 40 (0.2%), 3150 (0.2%), 18188 (0.2%), 576 (0.2%), 4698 (0.2%), 4684 (0.2%), 6827 (0.2%), 5758 (0.2%), 4322 (0.2%), 5421 (0.2%), 1672 (0.2%), 16308 (0.2%), 8316 (0.2%), 4512 (0.2%), 259 (0.2%), 766 (0.2%), 15058 (0.2%), 5560 (0.2%), 1052 (0.2%), 18185 (0.2%), 18225 (0.2%), 3003 (0.2%), 14803 (0.2%), 14994 (0.2%), 1429 (0.2%), 18182 (0.2%), 18201 (0.2%), 14805 (0.2%), 18216 (0.2%), 50 (0.2%), 18217 (0.2%), 18181 (0.2%), 4341 (0.2%), 15909 (0.2%), 5793 (0.2%), 8125 (0.2%), 2487 (0.2%), 18176 (0.2%), 16169 (0.2%), 3785 (0.2%), 3624 (0.2%), 5756 (0.2%), 1780 (0.2%), 6280 (0.2%), 9156 (0.2%), 18199 (0.2%), 6977 (0.2%), 18220 (0.2%), 12295 (0.2%), 18175 (0.2%), 8127 (0.2%), 18172 (0.2%), 377 (0.2%), 4260 (0.2%), 687 (0.2%), 758 (0.2%), 4326 (0.2%), 18226 (0.2%), 18187 (0.2%), 18194 (0.2%), 4344 (0.2%), 18205 (0.2%), 3408 (0.2%), 10054 (0.2%), 14952 (0.2%), 18218 (0.2%), 8153 (0.2%), 878 (0.2%), 18180 (0.2%), 4328 (0.2%), 1365 (0.2%), 18224 (0.2%), 18179 (0.2%), 18210 (0.2%), 3626 (0.2%), 18191 (0.2%), 51 (0.2%) (n = 579)	90 (13.0%), new (11.1%), 26 (8.5%), 301 (5.0%), 139 (4.8%), 520 (3.3%), 63 (2.9%), 158 (2.4%), 186 (2.4%), 951 (2.2%), 85 (2.1%), 870 (2.1%), 271 (1.9%), 416 (1.7%), 127 (1.4%), 352 (1.0%), 144 (0.9%), 965 (0.9%), 193 (0.9%), ~126 (0.9%), 84 (0.9%), 91 (0.9%), 442 (0.7%), 178 (0.7%), 729 (0.7%), 436 (0.7%), 53 (0.5%), ~479 (0.5%), 426 (0.5%), 142 (0.5%), 419 (0.5%), 848 (0.5%), 902 (0.5%), 247 (0.5%), 1340 (0.5%), 887 (0.5%), 410 (0.5%), 468 (0.5%), 733 (0.3%), ~1340 (0.3%), 744 (0.3%), 268 (0.3%), 38 (0.3%), 307 (0.3%), 64 (0.3%), 1387 (0.3%), 1225 (0.3%), 240 (0.3%), 931 (0.3%), ~2636 (0.3%), 20 (0.3%), 933 (0.3%), 947 (0.3%), 975 (0.3%), 3311 (0.3%), ~17 (0.3%), 1267 (0.3%), 953 (0.3%), 55 (0.3%), 438 (0.3%), ~311 (0.3%), 340 (0.3%), 89 (0.3%), 863 (0.2%), 934 (0.2%), 647 (0.2%), ~153 (0.2%), ~647 (0.2%), 649 (0.2%), 360 (0.2%), 254 (0.2%), 983 (0.2%), 181 (0.2%), 260 (0.2%), 1350 (0.2%), ~190 (0.2%), 310 (0.2%), 150 (0.2%), 27 (0.2%), 264 (0.2%), 56 (0.2%), 182 (0.2%), ~151 (0.2%), ~137 (0.2%), 439 (0.2%), 73 (0.2%), 357 (0.2%), 303 (0.2%), 1347 (0.2%), 991 (0.2%), 106 (0.2%), 2538 (0.2%), 1993 (0.2%), ~851 (0.2%), 491 (0.2%), 3321 (0.2%), 992 (0.2%), ~301 (0.2%), ~90 (0.2%), 524 (0.2%), 913 (0.2%), 192 (0.2%), 962 (0.2%), 974 (0.2%), 249 (0.2%), ~26 (0.2%), ~350 (0.2%), 653 (0.2%), 907 (0.2%), 901 (0.2%), 169 (0.2%), 865 (0.2%), 299 (0.2%), 1021 (0.2%), 1809 (0.2%), 952 (0.2%), 949 (0.2%), 1007 (0.2%), ~870 (0.2%), 115 (0.2%), ~729 (0.2%), 1878 (0.2%), 987 (0.2%), 567 (0.2%), 191 (0.2%), 810 (0.2%), 126 (0.2%), 32 (0.2%), 850 (0.2%) (n = 579)	yes (94.8%), no (5.2%) (n = 579)	yes (94.0%), no (6.0%) (n = 579)	yes (58.4%), no (41.6%) (n = 579)	porB1b (91.2%), porB1a (8.8%) (n = 579)	yes (51.6%), no (40.1%), EMPTY (8.3%) (n = 579)	no (59.9%), yes (31.8%), EMPTY (8.3%) (n = 579)	no (72.4%), yes (19.3%), EMPTY (8.3%) (n = 579)	no (58.0%), yes (42.0%) (n = 579)	no (49.7%), yes (49.2%), EMPTY (1.0%) (n = 579)	no (98.8%), EMPTY (1.0%), yes (0.2%) (n = 579)	no (87.9%), yes (12.1%) (n = 579)	no (72.5%), yes (27.5%) (n = 579)	no (88.8%), yes (11.2%) (n = 579)	yes (55.8%), no (44.2%) (n = 579)	no (58.2%), yes (41.8%) (n = 579)	no (99.8%), yes (0.2%) (n = 579)	no (93.6%), yes (6.4%) (n = 579)	no (99.7%), yes (0.3%) (n = 579)	no (64.1%), yes (35.9%) (n = 579)	no (100.0%) (n = 579)	no (99.8%), yes (0.2%) (n = 579)	no (100.0%) (n = 579)	no (82.2%), yes (17.8%) (n = 579)	no (82.2%), yes (17.8%) (n = 579)	no (100.0%) (n = 579)	no (98.1%), yes (1.9%) (n = 579)	no (95.5%), yes (4.5%) (n = 579)	no (82.2%), yes (17.8%) (n = 579)	no (84.8%), yes (15.2%) (n = 579)	no (99.7%), yes (0.3%) (n = 579)	no (96.5%), yes (1.9%), het (1.6%) (n = 579)	no (100.0%) (n = 579)	no (79.1%), yes (20.9%) (n = 579)	no (86.2%), yes (13.8%) (n = 579)
Spain	114	2013-01-06	2013-01-06	0	1901 (24.6%), 7363 (8.8%), 1579 (8.8%), 9363 (6.1%), 1588 (5.3%), 8122 (4.4%), 1580 (3.5%), 9365 (3.5%), 8135 (2.6%), 11516 (2.6%), 9362 (2.6%), 1582 (2.6%), 1596 (2.6%), 7822 (2.6%), 7823 (2.6%), 1584 (1.8%), 10241 (1.8%), 1594 (1.8%), 11463 (1.8%), 8143 (0.9%), 8156 (0.9%), 11956 (0.9%), 11975 (0.9%), 11107 (0.9%), 11428 (0.9%), 1587 (0.9%), 1893 (0.9%), 11990 (0.9%), 1583 (0.9%), 11657 (0.9%) (n = 114)	1407 (9.6%), 2400 (8.8%), 2992 (7.0%), 21 (6.1%), 225 (3.5%), 292 (3.5%), 4120 (2.6%), 9190 (1.8%), 13302 (1.8%), 5961 (1.8%), 4995 (1.8%), 9972 (1.8%), 5120 (1.8%), new (1.8%), 9810 (1.8%), 5793 (0.9%), 9888 (0.9%), 7072 (0.9%), 317 (0.9%), 387 (0.9%), 6206 (0.9%), 9165 (0.9%), 1132 (0.9%), 11414 (0.9%), 8093 (0.9%), 1780 (0.9%), 10026 (0.9%), 9971 (0.9%), 3378 (0.9%), 2 (0.9%), 9193 (0.9%), 5526 (0.9%), 6335 (0.9%), 661 (0.9%), 9812 (0.9%), 5967 (0.9%), 51 (0.9%), 4444 (0.9%), 239 (0.9%), multiple (0.9%), 210 (0.9%), 437 (0.9%), 9969 (0.9%), 5445 (0.9%), 1034 (0.9%), 5624 (0.9%), 4809 (0.9%), 5230 (0.9%), 807 (0.9%), 9968 (0.9%), 5405 (0.9%), 7414 (0.9%), 8433 (0.9%), 995 (0.9%), 4275 (0.9%), 3158 (0.9%), 9164 (0.9%), 9970 (0.9%), 2142 (0.9%), 5267 (0.9%), 5441 (0.9%), 8517 (0.9%), 2493 (0.9%), 2212 (0.9%), 9162 (0.9%), 9815 (0.9%) (n = 114)	90 (15.8%), 139 (8.8%), 63 (7.9%), 158 (7.0%), 26 (4.4%), 247 (3.5%), 67 (2.6%), 299 (2.6%), 729 (2.6%), 307 (2.6%), 301 (2.6%), 91 (2.6%), 416 (1.8%), 748 (1.8%), 55 (1.8%), 896 (1.8%), 20 (1.8%), 56 (0.9%), 934 (0.9%), 442 (0.9%), 722 (0.9%), 976 (0.9%), 912 (0.9%), ~26 (0.9%), 149 (0.9%), 178 (0.9%), 940 (0.9%), 986 (0.9%), 142 (0.9%), 953 (0.9%), 935 (0.9%), 926 (0.9%), 73 (0.9%), ~158 (0.9%), 433 (0.9%), 949 (0.9%), 971 (0.9%), 894 (0.9%), 186 (0.9%), 435 (0.9%), 884 (0.9%), 890 (0.9%), 710 (0.9%), 127 (0.9%), new (0.9%), 310 (0.9%), 64 (0.9%), 84 (0.9%), 85 (0.9%) (n = 114)	yes (94.7%), no (5.3%) (n = 114)	yes (90.4%), no (9.6%) (n = 114)	yes (63.2%), no (36.8%) (n = 114)	porB1b (95.6%), porB1a (3.5%), porB1a/porB1b (0.9%) (n = 114)	yes (63.2%), no (34.2%), EMPTY (2.6%) (n = 114)	no (64.9%), yes (32.5%), EMPTY (2.6%) (n = 114)	no (72.8%), yes (24.6%), EMPTY (2.6%) (n = 114)	no (62.3%), yes (37.7%) (n = 114)	yes (57.9%), no (42.1%) (n = 114)	no (100.0%) (n = 114)	no (93.9%), yes (6.1%) (n = 114)	no (75.4%), yes (24.6%) (n = 114)	no (85.1%), yes (14.9%) (n = 114)	yes (57.0%), no (43.0%) (n = 114)	no (55.3%), yes (44.7%) (n = 114)	no (98.2%), yes (1.8%) (n = 114)	no (96.5%), yes (3.5%) (n = 114)	no (98.2%), yes (1.8%) (n = 114)	no (65.8%), yes (34.2%) (n = 114)	no (99.1%), yes (0.9%) (n = 114)	no (100.0%) (n = 114)	no (100.0%) (n = 114)	no (78.9%), yes (21.1%) (n = 114)	no (78.9%), yes (21.1%) (n = 114)	no (100.0%) (n = 114)	no (98.2%), yes (1.8%) (n = 114)	no (95.6%), yes (4.4%) (n = 114)	no (78.9%), yes (21.1%) (n = 114)	no (93.9%), yes (6.1%) (n = 114)	no (100.0%) (n = 114)	no (95.6%), yes (2.6%), het (1.8%) (n = 114)	no (100.0%) (n = 114)	no (80.7%), yes (19.3%) (n = 114)	no (62.3%), yes (37.7%) (n = 114)
Netherlands	83	2001-01-06	2013-01-06	4383	7363 (15.7%), 9363 (12.0%), 1584 (9.6%), 1579 (9.6%), 1901 (8.4%), 9362 (7.2%), 11990 (4.8%), 8143 (3.6%), 11516 (3.6%), 1590 (3.6%), 8126 (2.4%), 7822 (2.4%), 12396 (2.4%), 8135 (1.2%), 8776 (1.2%), 8156 (1.2%), 1580 (1.2%), 8163 (1.2%), 8161 (1.2%), 11428 (1.2%), 1582 (1.2%), 7823 (1.2%), 12078 (1.2%), 10932 (1.2%), 7371 (1.2%) (n = 83)	2992 (15.7%), 2400 (9.6%), 21 (3.6%), 5624 (3.6%), 8154 (3.6%), 8919 (3.6%), 4995 (3.6%), 5793 (2.4%), 225 (2.4%), 11070 (2.4%), 5519 (2.4%), 4822 (2.4%), 359 (2.4%), 1034 (2.4%), 5108 (2.4%), 26 (2.4%), 13298 (1.2%), 11075 (1.2%), 2 (1.2%), 10257 (1.2%), 4643 (1.2%), 11066 (1.2%), 4229 (1.2%), 374 (1.2%), 6827 (1.2%), 277 (1.2%), 1407 (1.2%), 11061 (1.2%), 11064 (1.2%), 6232 (1.2%), 5 (1.2%), 4248 (1.2%), 11068 (1.2%), 8433 (1.2%), 3003 (1.2%), 11062 (1.2%), 11063 (1.2%), 11072 (1.2%), 1285 (1.2%), new (1.2%), 5094 (1.2%), 3806 (1.2%), 64 (1.2%), 5441 (1.2%), 51 (1.2%) (n = 83)	63 (15.7%), 158 (14.5%), 139 (9.6%), 178 (6.0%), 90 (6.0%), 182 (3.6%), 416 (3.6%), 426 (3.6%), 55 (3.6%), 190 (3.6%), 185 (2.4%), 177 (2.4%), 64 (2.4%), 962 (2.4%), 442 (1.2%), 914 (1.2%), 470 (1.2%), 866 (1.2%), 860 (1.2%), 181 (1.2%), ~63 (1.2%), 932 (1.2%), 20 (1.2%), 950 (1.2%), 973 (1.2%), 435 (1.2%), new (1.2%), 84 (1.2%), 777 (1.2%), 186 (1.2%), 964 (1.2%) (n = 83)	yes (92.8%), no (7.2%) (n = 83)	yes (89.2%), no (10.8%) (n = 83)	no (55.4%), yes (44.6%) (n = 83)	porB1b (91.6%), porB1a (8.4%) (n = 83)	no (49.4%), yes (45.8%), EMPTY (4.8%) (n = 83)	no (55.4%), yes (39.8%), EMPTY (4.8%) (n = 83)	no (89.2%), yes (6.0%), EMPTY (4.8%) (n = 83)	no (61.4%), yes (38.6%) (n = 83)	no (57.8%), yes (42.2%) (n = 83)	no (100.0%) (n = 83)	no (85.5%), yes (14.5%) (n = 83)	no (72.3%), yes (27.7%) (n = 83)	no (77.1%), yes (22.9%) (n = 83)	no (65.1%), yes (34.9%) (n = 83)	no (74.7%), yes (25.3%) (n = 83)	no (100.0%) (n = 83)	no (95.2%), yes (4.8%) (n = 83)	no (100.0%) (n = 83)	no (86.7%), yes (13.3%) (n = 83)	no (100.0%) (n = 83)	no (100.0%) (n = 83)	no (100.0%) (n = 83)	no (94.0%), yes (6.0%) (n = 83)	no (94.0%), yes (6.0%) (n = 83)	no (100.0%) (n = 83)	no (100.0%) (n = 83)	no (100.0%) (n = 83)	no (94.0%), yes (6.0%) (n = 83)	no (97.6%), yes (2.4%) (n = 83)	no (100.0%) (n = 83)	no (94.0%), het (3.6%), yes (2.4%) (n = 83)	no (100.0%) (n = 83)	no (91.6%), yes (8.4%) (n = 83)	no (89.2%), yes (10.8%) (n = 83)
Ireland	57	2008-01-06	2016-01-06	2922	1901 (31.6%), 1580 (15.8%), 9363 (14.0%), 7363 (7.0%), 8143 (3.5%), 1588 (3.5%), 1587 (3.5%), 13142 (1.8%), 7827 (1.8%), 13144 (1.8%), 9903 (1.8%), 7359 (1.8%), 11428 (1.8%), 1582 (1.8%), 13143 (1.8%), 7822 (1.8%), new (1.8%), 1579 (1.8%), 7371 (1.8%) (n = 57)	1407 (8.8%), 649 (7.0%), 2992 (7.0%), 3311 (5.3%), 3806 (5.3%), 2318 (3.5%), 2400 (3.5%), 5624 (3.5%), 12302 (3.5%), 3158 (3.5%), 3750 (1.8%), 2475 (1.8%), 11690 (1.8%), 14449 (1.8%), 15912 (1.8%), 15910 (1.8%), 15914 (1.8%), 7445 (1.8%), 9184 (1.8%), 4244 (1.8%), 10842 (1.8%), 15911 (1.8%), 5622 (1.8%), 11645 (1.8%), 3431 (1.8%), 15913 (1.8%), 1582 (1.8%), 8115 (1.8%), 3935 (1.8%), 8953 (1.8%), 2322 (1.8%), 15915 (1.8%), 7867 (1.8%), 3343 (1.8%), new (1.8%), 1443 (1.8%), 147 (1.8%), 2212 (1.8%) (n = 57)	90 (24.6%), 192 (12.3%), new (12.3%), 64 (5.3%), 168 (3.5%), 38 (3.5%), 2171 (1.8%), 1308 (1.8%), ~57 (1.8%), 507 (1.8%), 426 (1.8%), 158 (1.8%), ~192 (1.8%), 139 (1.8%), 63 (1.8%), 250 (1.8%), 1034 (1.8%), 115 (1.8%), 454 (1.8%), ~1902 (1.8%), 890 (1.8%), 301 (1.8%), 1158 (1.8%), 1305 (1.8%), 91 (1.8%), 752 (1.8%), 410 (1.8%), 2659 (1.8%) (n = 57)	yes (93.0%), no (7.0%) (n = 57)	yes (98.2%), no (1.8%) (n = 57)	yes (56.1%), no (43.9%) (n = 57)	porB1b (94.7%), porB1a (5.3%) (n = 57)	yes (71.9%), no (22.8%), EMPTY (5.3%) (n = 57)	no (59.6%), yes (35.1%), EMPTY (5.3%) (n = 57)	no (59.6%), yes (35.1%), EMPTY (5.3%) (n = 57)	no (56.1%), yes (43.9%) (n = 57)	yes (57.9%), no (36.8%), EMPTY (5.3%) (n = 57)	no (93.0%), EMPTY (5.3%), yes (1.8%) (n = 57)	no (77.2%), yes (22.8%) (n = 57)	no (80.7%), yes (19.3%) (n = 57)	no (89.5%), yes (10.5%) (n = 57)	yes (66.7%), no (33.3%) (n = 57)	no (52.6%), yes (47.4%) (n = 57)	no (98.2%), yes (1.8%) (n = 57)	no (87.7%), yes (12.3%) (n = 57)	no (96.5%), yes (3.5%) (n = 57)	no (66.7%), yes (33.3%) (n = 57)	no (100.0%) (n = 57)	no (94.7%), yes (5.3%) (n = 57)	no (100.0%) (n = 57)	no (61.4%), yes (38.6%) (n = 57)	no (61.4%), yes (38.6%) (n = 57)	no (100.0%) (n = 57)	no (96.5%), yes (3.5%) (n = 57)	no (98.2%), yes (1.8%) (n = 57)	no (61.4%), yes (38.6%) (n = 57)	no (96.5%), yes (3.5%) (n = 57)	no (84.2%), yes (8.8%), het (7.0%) (n = 57)	no (82.5%), yes (14.0%), het (3.5%) (n = 57)	no (100.0%) (n = 57)	no (94.7%), yes (5.3%) (n = 57)	no (89.5%), yes (10.5%) (n = 57)
France	56	2013-01-06	2013-01-06	0	1901 (14.3%), 7363 (14.3%), 1599 (12.5%), 8143 (5.4%), 1588 (5.4%), 7827 (5.4%), 7822 (5.4%), 9363 (5.4%), 11516 (3.6%), 7823 (3.6%), 11982 (1.8%), 8156 (1.8%), 11975 (1.8%), 1594 (1.8%), 11993 (1.8%), 1591 (1.8%), 11965 (1.8%), 7359 (1.8%), 1585 (1.8%), 11428 (1.8%), 1582 (1.8%), 11990 (1.8%), 11987 (1.8%), 1579 (1.8%) (n = 56)	645 (8.9%), 5624 (5.4%), 4995 (5.4%), 5793 (3.6%), 11357 (3.6%), 2400 (3.6%), 225 (3.6%), 2992 (3.6%), 3149 (3.6%), 11352 (3.6%), 11353 (1.8%), 11210 (1.8%), 3378 (1.8%), 2 (1.8%), 11355 (1.8%), 11101 (1.8%), 11106 (1.8%), 11103 (1.8%), 11358 (1.8%), 11354 (1.8%), 6360 (1.8%), 11207 (1.8%), 11356 (1.8%), 9802 (1.8%), 10645 (1.8%), 21 (1.8%), 9806 (1.8%), 9909 (1.8%), 9925 (1.8%), 1861 (1.8%), 8115 (1.8%), 7994 (1.8%), 11204 (1.8%), 11104 (1.8%), 11205 (1.8%), new (1.8%), 11018 (1.8%), 5441 (1.8%), 186 (1.8%), 11105 (1.8%), 51 (1.8%) (n = 56)	520 (12.5%), 63 (8.9%), 90 (7.1%), 416 (5.4%), 426 (5.4%), 158 (5.4%), 38 (5.4%), 26 (5.4%), 433 (3.6%), 55 (3.6%), 442 (1.8%), 981 (1.8%), 231 (1.8%), 456 (1.8%), 876 (1.8%), 953 (1.8%), 865 (1.8%), 931 (1.8%), 847 (1.8%), 487 (1.8%), 260 (1.8%), 139 (1.8%), 849 (1.8%), 913 (1.8%), 961 (1.8%), 20 (1.8%), 896 (1.8%), 348 (1.8%), 850 (1.8%), 84 (1.8%), 419 (1.8%) (n = 56)	yes (91.1%), no (8.9%) (n = 56)	yes (85.7%), no (14.3%) (n = 56)	yes (53.6%), no (46.4%) (n = 56)	porB1b (92.9%), porB1a (3.6%), porB1a/porB1b (3.6%) (n = 56)	no (58.9%), yes (37.5%), EMPTY (3.6%) (n = 56)	no (67.9%), yes (28.6%), EMPTY (3.6%) (n = 56)	no (85.7%), yes (10.7%), EMPTY (3.6%) (n = 56)	no (73.2%), yes (26.8%) (n = 56)	no (57.1%), yes (42.9%) (n = 56)	no (100.0%) (n = 56)	no (87.5%), yes (12.5%) (n = 56)	no (66.1%), yes (33.9%) (n = 56)	no (91.1%), yes (8.9%) (n = 56)	yes (55.4%), no (44.6%) (n = 56)	no (67.9%), yes (32.1%) (n = 56)	no (96.4%), yes (3.6%) (n = 56)	no (87.5%), yes (12.5%) (n = 56)	no (100.0%) (n = 56)	no (76.8%), yes (23.2%) (n = 56)	no (96.4%), yes (3.6%) (n = 56)	no (100.0%) (n = 56)	no (100.0%) (n = 56)	no (89.3%), yes (10.7%) (n = 56)	no (89.3%), yes (10.7%) (n = 56)	no (100.0%) (n = 56)	no (94.6%), yes (5.4%) (n = 56)	no (98.2%), yes (1.8%) (n = 56)	no (89.3%), yes (10.7%) (n = 56)	no (89.3%), yes (10.7%) (n = 56)	no (100.0%) (n = 56)	no (100.0%) (n = 56)	no (100.0%) (n = 56)	no (60.7%), yes (39.3%) (n = 56)	no (73.2%), yes (26.8%) (n = 56)
Norway	55	2013-01-06	2013-01-06	0	1901 (29.1%), 7363 (14.5%), 7822 (9.1%), 9363 (7.3%), 1892 (3.6%), 1588 (3.6%), 1583 (3.6%), 8143 (1.8%), 11963 (1.8%), 8776 (1.8%), 7367 (1.8%), 11985 (1.8%), 11984 (1.8%), 11968 (1.8%), 8123 (1.8%), 11249 (1.8%), 8126 (1.8%), 9903 (1.8%), 1582 (1.8%), 1596 (1.8%), 11241 (1.8%), 11463 (1.8%), 1600 (1.8%) (n = 55)	1407 (9.1%), 4275 (7.3%), 2400 (5.5%), 225 (3.6%), 6360 (3.6%), 4995 (3.6%), 10804 (3.6%), 2992 (3.6%), 10830 (1.8%), 11098 (1.8%), 7072 (1.8%), 10419 (1.8%), 11359 (1.8%), 4706 (1.8%), 10806 (1.8%), 661 (1.8%), 10805 (1.8%), 10791 (1.8%), 10794 (1.8%), 4822 (1.8%), 359 (1.8%), 10796 (1.8%), 1498 (1.8%), 10795 (1.8%), 10792 (1.8%), 5785 (1.8%), 4849 (1.8%), 568 (1.8%), 190 (1.8%), 10789 (1.8%), 10992 (1.8%), 8006 (1.8%), 8058 (1.8%), 10793 (1.8%), 1285 (1.8%), 1766 (1.8%), 3109 (1.8%), 10790 (1.8%), 7164 (1.8%), 8426 (1.8%), 298 (1.8%) (n = 55)	90 (18.2%), 158 (12.7%), 63 (5.5%), 26 (5.5%), 957 (3.6%), 416 (3.6%), 801 (1.8%), 955 (1.8%), 897 (1.8%), 977 (1.8%), 798 (1.8%), 923 (1.8%), 867 (1.8%), 886 (1.8%), 989 (1.8%), 71 (1.8%), 889 (1.8%), 954 (1.8%), 606 (1.8%), 871 (1.8%), 950 (1.8%), 987 (1.8%), 186 (1.8%), 431 (1.8%), 929 (1.8%), 177 (1.8%), 710 (1.8%), 875 (1.8%), new (1.8%), 563 (1.8%), 64 (1.8%), 941 (1.8%), ~1900 (1.8%), 885 (1.8%) (n = 55)	yes (96.4%), no (3.6%) (n = 55)	yes (94.5%), no (5.5%) (n = 55)	yes (61.8%), no (38.2%) (n = 55)	porB1b (83.6%), porB1a (16.4%) (n = 55)	yes (56.4%), no (27.3%), EMPTY (16.4%) (n = 55)	no (58.2%), yes (25.5%), EMPTY (16.4%) (n = 55)	no (61.8%), yes (21.8%), EMPTY (16.4%) (n = 55)	no (67.3%), yes (32.7%) (n = 55)	yes (58.2%), no (41.8%) (n = 55)	no (98.2%), yes (1.8%) (n = 55)	no (83.6%), yes (16.4%) (n = 55)	no (76.4%), yes (23.6%) (n = 55)	no (90.9%), yes (9.1%) (n = 55)	yes (80.0%), no (20.0%) (n = 55)	yes (52.7%), no (47.3%) (n = 55)	no (98.2%), yes (1.8%) (n = 55)	no (89.1%), yes (10.9%) (n = 55)	no (100.0%) (n = 55)	no (54.5%), yes (45.5%) (n = 55)	no (98.2%), yes (1.8%) (n = 55)	no (100.0%) (n = 55)	no (100.0%) (n = 55)	no (78.2%), yes (21.8%) (n = 55)	no (78.2%), yes (21.8%) (n = 55)	no (100.0%) (n = 55)	no (94.5%), yes (5.5%) (n = 55)	no (98.2%), yes (1.8%) (n = 55)	no (78.2%), yes (21.8%) (n = 55)	no (92.7%), yes (7.3%) (n = 55)	no (100.0%) (n = 55)	no (98.2%), yes (1.8%) (n = 55)	no (100.0%) (n = 55)	no (70.9%), yes (29.1%) (n = 55)	no (56.4%), yes (43.6%) (n = 55)
Belgium	55	2013-01-06	2013-01-06	0	1901 (20.0%), 8135 (14.5%), 8143 (7.3%), 11428 (7.3%), 9363 (7.3%), 7363 (7.3%), 1584 (5.5%), 8163 (5.5%), 1588 (3.6%), 7822 (3.6%), 8776 (1.8%), 11983 (1.8%), 9362 (1.8%), 11975 (1.8%), 11993 (1.8%), 12000 (1.8%), 1893 (1.8%), 11365 (1.8%), 1579 (1.8%), 11971 (1.8%) (n = 55)	1407 (16.4%), 387 (14.5%), 2992 (14.5%), 2400 (7.3%), 5624 (7.3%), 1995 (3.6%), 4248 (3.6%), 4995 (3.6%), 226 (1.8%), 11009 (1.8%), 1691 (1.8%), 11008 (1.8%), 9276 (1.8%), 11012 (1.8%), 11010 (1.8%), 21 (1.8%), 11011 (1.8%), 4397 (1.8%), 1285 (1.8%), 11006 (1.8%), 9409 (1.8%), 26 (1.8%), 11007 (1.8%), 11013 (1.8%) (n = 55)	63 (18.2%), 90 (16.4%), 729 (14.5%), 426 (7.3%), 158 (7.3%), 416 (3.6%), 774 (3.6%), 777 (3.6%), 934 (1.8%), 53 (1.8%), 178 (1.8%), 456 (1.8%), 984 (1.8%), 779 (1.8%), 139 (1.8%), 861 (1.8%), 871 (1.8%), 950 (1.8%), 917 (1.8%), 776 (1.8%), 710 (1.8%), 783 (1.8%) (n = 55)	yes (85.5%), no (14.5%) (n = 55)	yes (83.6%), no (16.4%) (n = 55)	no (58.2%), yes (41.8%) (n = 55)	porB1b (85.5%), porB1a (14.5%) (n = 55)	no (54.5%), yes (32.7%), EMPTY (12.7%) (n = 55)	no (70.9%), yes (16.4%), EMPTY (12.7%) (n = 55)	no (70.9%), yes (16.4%), EMPTY (12.7%) (n = 55)	no (74.5%), yes (25.5%) (n = 55)	no (67.3%), yes (32.7%) (n = 55)	no (100.0%) (n = 55)	no (96.4%), yes (3.6%) (n = 55)	no (72.7%), yes (27.3%) (n = 55)	no (81.8%), yes (18.2%) (n = 55)	yes (50.9%), no (49.1%) (n = 55)	no (70.9%), yes (29.1%) (n = 55)	no (98.2%), yes (1.8%) (n = 55)	no (92.7%), yes (7.3%) (n = 55)	no (100.0%) (n = 55)	no (74.5%), yes (25.5%) (n = 55)	no (98.2%), yes (1.8%) (n = 55)	no (100.0%) (n = 55)	no (100.0%) (n = 55)	no (81.8%), yes (18.2%) (n = 55)	no (81.8%), yes (18.2%) (n = 55)	no (100.0%) (n = 55)	no (100.0%) (n = 55)	no (98.2%), yes (1.8%) (n = 55)	no (81.8%), yes (18.2%) (n = 55)	no (98.2%), yes (1.8%) (n = 55)	no (100.0%) (n = 55)	no (98.2%), het (1.8%) (n = 55)	no (100.0%) (n = 55)	no (89.1%), yes (10.9%) (n = 55)	no (87.3%), yes (12.7%) (n = 55)
Austria	55	2013-01-06	2013-01-06	0	1901 (21.8%), 11247 (20.0%), 1588 (16.4%), 7822 (7.3%), 1892 (5.5%), 8135 (3.6%), 8156 (3.6%), 1584 (3.6%), 7363 (3.6%), 1594 (1.8%), 11463 (1.8%), 7823 (1.8%), 6726 (1.8%), 8145 (1.8%), 11985 (1.8%), 10241 (1.8%), 10932 (1.8%) (n = 55)	3785 (16.4%), 11575 (10.9%), 387 (9.1%), 225 (7.3%), 4995 (7.3%), 5622 (5.5%), 2400 (3.6%), 11576 (3.6%), 5441 (3.6%), 3629 (3.6%), 273 (1.8%), 6961 (1.8%), 1407 (1.8%), 8024 (1.8%), 11580 (1.8%), 891 (1.8%), 5333 (1.8%), 568 (1.8%), 11581 (1.8%), 11578 (1.8%), 11577 (1.8%), 1856 (1.8%), 9972 (1.8%), new (1.8%), 5094 (1.8%), 11583 (1.8%) (n = 55)	416 (7.3%), 872 (7.3%), 90 (7.3%), 26 (7.3%), 970 (5.5%), 507 (5.5%), 968 (5.5%), 563 (5.5%), 442 (3.6%), 178 (3.6%), 653 (3.6%), 868 (3.6%), 729 (3.6%), 567 (3.6%), 591 (1.8%), 801 (1.8%), ~26 (1.8%), 470 (1.8%), 852 (1.8%), 922 (1.8%), 158 (1.8%), ~78 (1.8%), 944 (1.8%), 63 (1.8%), 873 (1.8%), 930 (1.8%), 911 (1.8%), 878 (1.8%), new (1.8%) (n = 55)	yes (87.3%), no (12.7%) (n = 55)	yes (85.5%), no (14.5%) (n = 55)	yes (78.2%), no (21.8%) (n = 55)	porB1b (96.4%), porB1a (3.6%) (n = 55)	no (52.7%), yes (45.5%), EMPTY (1.8%) (n = 55)	no (69.1%), yes (29.1%), EMPTY (1.8%) (n = 55)	no (85.5%), yes (12.7%), EMPTY (1.8%) (n = 55)	no (60.0%), yes (40.0%) (n = 55)	no (56.4%), yes (43.6%) (n = 55)	no (100.0%) (n = 55)	no (72.7%), yes (27.3%) (n = 55)	no (80.0%), yes (20.0%) (n = 55)	no (98.2%), yes (1.8%) (n = 55)	yes (76.4%), no (23.6%) (n = 55)	no (80.0%), yes (20.0%) (n = 55)	no (100.0%) (n = 55)	no (98.2%), yes (1.8%) (n = 55)	no (100.0%) (n = 55)	no (65.5%), yes (34.5%) (n = 55)	no (87.3%), yes (12.7%) (n = 55)	no (81.8%), yes (18.2%) (n = 55)	no (100.0%) (n = 55)	no (85.5%), yes (14.5%) (n = 55)	no (85.5%), yes (14.5%) (n = 55)	no (100.0%) (n = 55)	no (100.0%) (n = 55)	no (100.0%) (n = 55)	no (85.5%), yes (14.5%) (n = 55)	no (90.9%), yes (9.1%) (n = 55)	no (100.0%) (n = 55)	no (100.0%) (n = 55)	no (100.0%) (n = 55)	yes (54.5%), no (45.5%) (n = 55)	no (56.4%), yes (43.6%) (n = 55)
Denmark	55	2013-01-06	2013-01-06	0	1901 (25.5%), 11177 (20.0%), 1588 (7.3%), 9363 (7.3%), 7363 (7.3%), 11675 (3.6%), 1921 (3.6%), 8122 (3.6%), 8143 (1.8%), 11983 (1.8%), 1580 (1.8%), 9362 (1.8%), 11975 (1.8%), 1594 (1.8%), 8112 (1.8%), 11428 (1.8%), 1582 (1.8%), 1599 (1.8%), 11998 (1.8%), 7823 (1.8%) (n = 55)	1993 (20.0%), 1407 (14.5%), 2400 (7.3%), 2992 (5.5%), 13299 (3.6%), 11030 (3.6%), 210 (3.6%), 9171 (3.6%), 9816 (3.6%), 645 (1.8%), 346 (1.8%), 11027 (1.8%), 2 (1.8%), 4530 (1.8%), 10425 (1.8%), 11029 (1.8%), 225 (1.8%), 6974 (1.8%), 11033 (1.8%), 4947 (1.8%), 11028 (1.8%), 11032 (1.8%), 5624 (1.8%), 11013 (1.8%), 7674 (1.8%), 995 (1.8%), 3935 (1.8%), 7164 (1.8%) (n = 55)	568 (20.0%), 90 (16.4%), 63 (10.9%), 158 (7.3%), 91 (5.5%), 53 (3.6%), 879 (3.6%), 915 (3.6%), 85 (3.6%), 26 (3.6%), 245 (1.8%), 874 (1.8%), 426 (1.8%), 67 (1.8%), 559 (1.8%), 847 (1.8%), 862 (1.8%), 20 (1.8%), 892 (1.8%), 875 (1.8%), 520 (1.8%), 84 (1.8%) (n = 55)	yes (74.5%), no (25.5%) (n = 55)	yes (72.7%), no (27.3%) (n = 55)	yes (50.9%), no (49.1%) (n = 55)	porB1b (87.3%), porB1a (10.9%), porB1a/porB1b (1.8%) (n = 55)	no (52.7%), yes (41.8%), EMPTY (5.5%) (n = 55)	no (81.8%), yes (12.7%), EMPTY (5.5%) (n = 55)	no (67.3%), yes (27.3%), EMPTY (5.5%) (n = 55)	no (69.1%), yes (30.9%) (n = 55)	no (65.5%), yes (34.5%) (n = 55)	no (100.0%) (n = 55)	no (100.0%) (n = 55)	yes (50.9%), no (49.1%) (n = 55)	no (85.5%), yes (14.5%) (n = 55)	yes (50.9%), no (49.1%) (n = 55)	no (63.6%), yes (36.4%) (n = 55)	no (100.0%) (n = 55)	no (96.4%), yes (3.6%) (n = 55)	no (100.0%) (n = 55)	no (70.9%), yes (29.1%) (n = 55)	no (100.0%) (n = 55)	no (100.0%) (n = 55)	no (100.0%) (n = 55)	no (78.2%), yes (21.8%) (n = 55)	no (78.2%), yes (21.8%) (n = 55)	no (100.0%) (n = 55)	no (100.0%) (n = 55)	no (100.0%) (n = 55)	no (78.2%), yes (21.8%) (n = 55)	no (96.4%), yes (3.6%) (n = 55)	no (100.0%) (n = 55)	no (92.7%), yes (5.5%), het (1.8%) (n = 55)	no (100.0%) (n = 55)	no (78.2%), yes (21.8%) (n = 55)	no (94.5%), yes (5.5%) (n = 55)
Slovenia	54	2013-01-06	2013-01-06	0	1588 (16.7%), 1579 (16.7%), 1594 (14.8%), 1582 (13.0%), 1903 (9.3%), 1901 (9.3%), 7822 (3.7%), 9363 (3.7%), 8143 (1.9%), 11107 (1.9%), 11428 (1.9%), 8161 (1.9%), 1892 (1.9%), 11602 (1.9%), 7360 (1.9%) (n = 54)	21 (13.0%), 10800 (11.1%), 10801 (11.1%), 10798 (7.4%), 10799 (5.6%), 2997 (5.6%), 1407 (3.7%), 356 (3.7%), 4995 (3.7%), 10797 (1.9%), 225 (1.9%), 4977 (1.9%), 8695 (1.9%), 10993 (1.9%), 8987 (1.9%), 10833 (1.9%), 5445 (1.9%), 10792 (1.9%), 1034 (1.9%), ~10799 (1.9%), 10834 (1.9%), new (1.9%), 10832 (1.9%), 8908 (1.9%), 10835 (1.9%), 3302 (1.9%), 8370 (1.9%), 2992 (1.9%) (n = 54)	139 (16.7%), 20 (14.8%), 186 (13.0%), 969 (13.0%), 90 (9.3%), 960 (9.3%), 416 (3.7%), 389 (1.9%), 177 (1.9%), 934 (1.9%), 959 (1.9%), 563 (1.9%), 967 (1.9%), 980 (1.9%), 974 (1.9%), 63 (1.9%), 250 (1.9%), 904 (1.9%) (n = 54)	yes (81.5%), no (18.5%) (n = 54)	yes (83.3%), no (16.7%) (n = 54)	yes (63.0%), no (37.0%) (n = 54)	porB1b (90.7%), porB1a (9.3%) (n = 54)	yes (59.3%), no (33.3%), EMPTY (7.4%) (n = 54)	no (57.4%), yes (35.2%), EMPTY (7.4%) (n = 54)	no (68.5%), yes (24.1%), EMPTY (7.4%) (n = 54)	yes (53.7%), no (46.3%) (n = 54)	yes (57.4%), no (42.6%) (n = 54)	no (98.1%), yes (1.9%) (n = 54)	no (77.8%), yes (22.2%) (n = 54)	no (81.5%), yes (18.5%) (n = 54)	no (98.1%), yes (1.9%) (n = 54)	yes (59.3%), no (40.7%) (n = 54)	no (61.1%), yes (38.9%) (n = 54)	no (100.0%) (n = 54)	no (85.2%), yes (14.8%) (n = 54)	no (100.0%) (n = 54)	no (81.5%), yes (18.5%) (n = 54)	no (87.0%), yes (13.0%) (n = 54)	no (100.0%) (n = 54)	no (100.0%) (n = 54)	no (88.9%), yes (11.1%) (n = 54)	no (88.9%), yes (11.1%) (n = 54)	no (100.0%) (n = 54)	no (100.0%) (n = 54)	no (96.3%), yes (3.7%) (n = 54)	no (88.9%), yes (11.1%) (n = 54)	no (98.1%), yes (1.9%) (n = 54)	no (100.0%) (n = 54)	no (100.0%) (n = 54)	no (100.0%) (n = 54)	no (68.5%), yes (31.5%) (n = 54)	no (74.1%), yes (25.9%) (n = 54)
Slovakia	54	2013-01-06	2013-01-06	0	1901 (37.0%), 1594 (22.2%), 8126 (16.7%), 11428 (7.4%), 11991 (5.6%), 1588 (3.7%), 7363 (3.7%), 8135 (1.9%), 11463 (1.9%) (n = 54)	1407 (16.7%), 359 (14.8%), 10800 (11.1%), 11042 (11.1%), 2992 (9.3%), 807 (5.6%), 11043 (3.7%), 5333 (3.7%), 4275 (3.7%), 10557 (1.9%), 11040 (1.9%), 6982 (1.9%), 2400 (1.9%), 11041 (1.9%), 11044 (1.9%), 3431 (1.9%), 10039 (1.9%), 2970 (1.9%), 3158 (1.9%), 2212 (1.9%) (n = 54)	90 (27.8%), 20 (27.8%), 987 (16.7%), 63 (9.3%), 939 (3.7%), 567 (3.7%), 710 (1.9%), 729 (1.9%), 158 (1.9%), 457 (1.9%), 303 (1.9%), 250 (1.9%) (n = 54)	yes (70.4%), no (29.6%) (n = 54)	yes (70.4%), no (29.6%) (n = 54)	no (59.3%), yes (40.7%) (n = 54)	porB1b (100.0%) (n = 54)	yes (53.7%), no (46.3%) (n = 54)	no (81.5%), yes (18.5%) (n = 54)	no (68.5%), yes (31.5%) (n = 54)	no (68.5%), yes (31.5%) (n = 54)	no (61.1%), yes (38.9%) (n = 54)	no (100.0%) (n = 54)	no (83.3%), yes (16.7%) (n = 54)	no (87.0%), yes (13.0%) (n = 54)	no (90.7%), yes (9.3%) (n = 54)	no (55.6%), yes (44.4%) (n = 54)	no (61.1%), yes (38.9%) (n = 54)	no (98.1%), yes (1.9%) (n = 54)	no (100.0%) (n = 54)	no (100.0%) (n = 54)	no (61.1%), yes (38.9%) (n = 54)	no (98.1%), yes (1.9%) (n = 54)	no (96.3%), yes (3.7%) (n = 54)	no (100.0%) (n = 54)	no (66.7%), yes (33.3%) (n = 54)	no (66.7%), yes (33.3%) (n = 54)	no (100.0%) (n = 54)	no (100.0%) (n = 54)	no (96.3%), yes (3.7%) (n = 54)	no (66.7%), yes (33.3%) (n = 54)	no (98.1%), yes (1.9%) (n = 54)	no (100.0%) (n = 54)	no (100.0%) (n = 54)	no (100.0%) (n = 54)	no (96.3%), yes (3.7%) (n = 54)	no (94.4%), yes (5.6%) (n = 54)
Sweden	49	2013-01-06	2013-01-06	0	1901 (26.5%), 9363 (18.4%), 1588 (12.2%), 1579 (10.2%), 7363 (4.1%), 1889 (4.1%), 8143 (2.0%), 8149 (2.0%), 8784 (2.0%), 7359 (2.0%), 11428 (2.0%), 1903 (2.0%), 8122 (2.0%), 1583 (2.0%), 11999 (2.0%), 8112 (2.0%), 1580 (2.0%), 11978 (2.0%) (n = 49)	5445 (10.2%), 7445 (6.1%), 3128 (6.1%), 7164 (6.1%), 2400 (4.1%), 6974 (4.1%), 5533 (4.1%), 4644 (4.1%), 1103 (4.1%), 8953 (4.1%), 10000 (4.1%), 2569 (4.1%), 4758 (2.0%), 9901 (2.0%), 358 (2.0%), 225 (2.0%), 13301 (2.0%), 292 (2.0%), 10002 (2.0%), 1313 (2.0%), 217 (2.0%), 10012 (2.0%), 10013 (2.0%), 10011 (2.0%), 995 (2.0%), 1479 (2.0%), 10001 (2.0%), 368 (2.0%), new (2.0%), ~10003 (2.0%), 2992 (2.0%) (n = 49)	63 (14.3%), 90 (14.3%), 139 (10.2%), 301 (8.2%), 874 (6.1%), 129 (4.1%), 158 (4.1%), 194 (4.1%), 846 (4.1%), 247 (4.1%), 245 (2.0%), 231 (2.0%), 299 (2.0%), 958 (2.0%), 898 (2.0%), 891 (2.0%), 966 (2.0%), 438 (2.0%), 938 (2.0%), 688 (2.0%), 937 (2.0%), 271 (2.0%), 26 (2.0%) (n = 49)	yes (91.8%), no (8.2%) (n = 49)	yes (93.9%), no (6.1%) (n = 49)	yes (55.1%), no (44.9%) (n = 49)	porB1b (87.8%), porB1a (10.2%), porB1a/porB1b (2.0%) (n = 49)	yes (65.3%), no (26.5%), EMPTY (8.2%) (n = 49)	no (51.0%), yes (40.8%), EMPTY (8.2%) (n = 49)	no (71.4%), yes (20.4%), EMPTY (8.2%) (n = 49)	yes (59.2%), no (40.8%) (n = 49)	no (55.1%), yes (44.9%) (n = 49)	no (100.0%) (n = 49)	no (98.0%), yes (2.0%) (n = 49)	no (59.2%), yes (40.8%) (n = 49)	no (75.5%), yes (24.5%) (n = 49)	yes (55.1%), no (44.9%) (n = 49)	no (59.2%), yes (40.8%) (n = 49)	no (100.0%) (n = 49)	no (93.9%), yes (6.1%) (n = 49)	no (100.0%) (n = 49)	no (71.4%), yes (28.6%) (n = 49)	no (98.0%), yes (2.0%) (n = 49)	no (100.0%) (n = 49)	no (100.0%) (n = 49)	no (81.6%), yes (18.4%) (n = 49)	no (81.6%), yes (18.4%) (n = 49)	no (100.0%) (n = 49)	no (100.0%) (n = 49)	no (91.8%), yes (8.2%) (n = 49)	no (81.6%), yes (18.4%) (n = 49)	no (98.0%), yes (2.0%) (n = 49)	no (100.0%) (n = 49)	no (100.0%) (n = 49)	no (98.0%), het (2.0%) (n = 49)	no (75.5%), yes (24.5%) (n = 49)	no (77.6%), yes (22.4%) (n = 49)
Italy	49	2013-01-06	2013-01-06	0	7363 (26.5%), 1901 (14.3%), 8143 (12.2%), 9363 (10.2%), 1588 (6.1%), 11961 (6.1%), 9362 (6.1%), 11428 (4.1%), 10241 (4.1%), 8135 (2.0%), 8137 (2.0%), 7360 (2.0%), 1579 (2.0%), 11864 (2.0%) (n = 49)	2992 (18.4%), 6360 (14.3%), 2400 (12.2%), 1407 (10.2%), 5624 (10.2%), 10564 (6.1%), 8826 (4.1%), 225 (2.0%), 10675 (2.0%), 10677 (2.0%), 10676 (2.0%), 10563 (2.0%), 6961 (2.0%), 1034 (2.0%), 1582 (2.0%), 10565 (2.0%), 11630 (2.0%), 3109 (2.0%), 8426 (2.0%) (n = 49)	158 (26.5%), 90 (16.3%), 63 (10.2%), 426 (10.2%), 928 (6.1%), 247 (4.1%), ~183 (4.1%), 934 (2.0%), 139 (2.0%), 883 (2.0%), 567 (2.0%), 439 (2.0%), 729 (2.0%), 26 (2.0%), 89 (2.0%), 1900 (2.0%), 882 (2.0%), ~63 (2.0%) (n = 49)	yes (98.0%), no (2.0%) (n = 49)	yes (98.0%), no (2.0%) (n = 49)	yes (63.3%), no (36.7%) (n = 49)	porB1b (85.7%), porB1a (12.2%), EMPTY (2.0%) (n = 49)	yes (65.3%), no (28.6%), EMPTY (6.1%) (n = 49)	no (51.0%), yes (42.9%), EMPTY (6.1%) (n = 49)	no (73.5%), yes (20.4%), EMPTY (6.1%) (n = 49)	no (65.3%), yes (34.7%) (n = 49)	yes (57.1%), no (42.9%) (n = 49)	no (100.0%) (n = 49)	no (100.0%) (n = 49)	no (65.3%), yes (34.7%) (n = 49)	no (77.6%), yes (22.4%) (n = 49)	yes (67.3%), no (32.7%) (n = 49)	no (51.0%), yes (49.0%) (n = 49)	no (100.0%) (n = 49)	no (87.8%), yes (12.2%) (n = 49)	no (100.0%) (n = 49)	no (77.6%), yes (22.4%) (n = 49)	no (100.0%) (n = 49)	no (98.0%), yes (2.0%) (n = 49)	no (100.0%) (n = 49)	no (81.6%), yes (18.4%) (n = 49)	no (81.6%), yes (18.4%) (n = 49)	no (100.0%) (n = 49)	no (100.0%) (n = 49)	no (91.8%), yes (8.2%) (n = 49)	no (81.6%), yes (18.4%) (n = 49)	no (98.0%), yes (2.0%) (n = 49)	no (100.0%) (n = 49)	no (100.0%) (n = 49)	no (100.0%) (n = 49)	no (87.8%), yes (12.2%) (n = 49)	no (73.5%), yes (26.5%) (n = 49)
Greece	48	2013-01-06	2013-01-06	0	1901 (52.1%), 7371 (10.4%), 11986 (8.3%), 1584 (6.2%), 1579 (6.2%), 8122 (4.2%), 1588 (2.1%), 9903 (2.1%), 1600 (2.1%), 9363 (2.1%), 11516 (2.1%), 7363 (2.1%) (n = 48)	3128 (18.8%), 225 (10.4%), 4730 (10.4%), 11055 (10.4%), 8465 (8.3%), 8329 (6.2%), 11056 (4.2%), 292 (4.2%), 4528 (4.2%), 11060 (2.1%), 972 (2.1%), 2400 (2.1%), 11059 (2.1%), 11058 (2.1%), 4269 (2.1%), 11054 (2.1%), 8919 (2.1%), 11057 (2.1%), 3806 (2.1%), 2992 (2.1%) (n = 48)	90 (27.1%), 177 (10.4%), 501 (10.4%), 26 (10.4%), 162 (8.3%), 178 (6.2%), 856 (6.2%), 299 (4.2%), 247 (2.1%), 924 (2.1%), 936 (2.1%), 158 (2.1%), 55 (2.1%), 510 (2.1%), 63 (2.1%), 988 (2.1%) (n = 48)	yes (100.0%) (n = 48)	yes (100.0%) (n = 48)	yes (83.3%), no (16.7%) (n = 48)	porB1b (100.0%) (n = 48)	yes (72.9%), no (27.1%) (n = 48)	no (58.3%), yes (41.7%) (n = 48)	no (70.8%), yes (29.2%) (n = 48)	no (56.2%), yes (43.8%) (n = 48)	yes (79.2%), no (20.8%) (n = 48)	no (100.0%) (n = 48)	no (100.0%) (n = 48)	no (81.2%), yes (18.8%) (n = 48)	no (97.9%), yes (2.1%) (n = 48)	yes (68.8%), no (31.2%) (n = 48)	yes (54.2%), no (45.8%) (n = 48)	no (89.6%), yes (10.4%) (n = 48)	no (100.0%) (n = 48)	no (89.6%), yes (10.4%) (n = 48)	yes (52.1%), no (47.9%) (n = 48)	no (100.0%) (n = 48)	no (100.0%) (n = 48)	no (100.0%) (n = 48)	no (70.8%), yes (29.2%) (n = 48)	no (70.8%), yes (29.2%) (n = 48)	no (100.0%) (n = 48)	no (91.7%), yes (8.3%) (n = 48)	no (87.5%), yes (12.5%) (n = 48)	no (70.8%), yes (29.2%) (n = 48)	no (79.2%), yes (20.8%) (n = 48)	no (100.0%) (n = 48)	no (100.0%) (n = 48)	no (100.0%) (n = 48)	no (93.8%), yes (6.2%) (n = 48)	no (97.9%), yes (2.1%) (n = 48)
Hungary	47	2013-01-06	2013-01-06	0	1901 (42.6%), 10241 (14.9%), 11999 (12.8%), 8135 (8.5%), 7363 (6.4%), 1588 (4.3%), 7822 (4.3%), 7826 (2.1%), 9363 (2.1%), 11995 (2.1%) (n = 47)	1407 (19.1%), 995 (12.8%), 387 (6.4%), 11046 (6.4%), 8115 (6.4%), 11047 (4.3%), 3378 (4.3%), 11052 (4.3%), 225 (4.3%), 5333 (4.3%), 4995 (4.3%), 2212 (4.3%), 2487 (2.1%), 11053 (2.1%), 13113 (2.1%), 11048 (2.1%), 11050 (2.1%), 11077 (2.1%), 11045 (2.1%), 11049 (2.1%), 8343 (2.1%) (n = 47)	90 (38.3%), 245 (12.8%), 729 (8.5%), 910 (6.4%), 158 (6.4%), 443 (4.3%), 567 (4.3%), 26 (4.3%), 416 (4.3%), 877 (2.1%), 845 (2.1%), new (2.1%), 992 (2.1%), 303 (2.1%) (n = 47)	yes (89.4%), no (10.6%) (n = 47)	yes (89.4%), no (10.6%) (n = 47)	yes (87.2%), no (12.8%) (n = 47)	porB1b (100.0%) (n = 47)	yes (78.7%), no (21.3%) (n = 47)	no (70.2%), yes (29.8%) (n = 47)	no (59.6%), yes (40.4%) (n = 47)	no (70.2%), yes (29.8%) (n = 47)	yes (68.1%), no (31.9%) (n = 47)	no (100.0%) (n = 47)	no (95.7%), yes (4.3%) (n = 47)	no (76.6%), yes (23.4%) (n = 47)	no (85.1%), yes (14.9%) (n = 47)	yes (74.5%), no (25.5%) (n = 47)	yes (57.4%), no (42.6%) (n = 47)	no (100.0%) (n = 47)	no (93.6%), yes (6.4%) (n = 47)	no (100.0%) (n = 47)	yes (55.3%), no (44.7%) (n = 47)	no (100.0%) (n = 47)	no (95.7%), yes (4.3%) (n = 47)	no (100.0%) (n = 47)	no (57.4%), yes (42.6%) (n = 47)	no (57.4%), yes (42.6%) (n = 47)	no (100.0%) (n = 47)	no (93.6%), yes (6.4%) (n = 47)	no (100.0%) (n = 47)	no (57.4%), yes (42.6%) (n = 47)	no (91.5%), yes (8.5%) (n = 47)	no (100.0%) (n = 47)	no (100.0%) (n = 47)	no (100.0%) (n = 47)	no (93.6%), yes (6.4%) (n = 47)	no (89.4%), yes (10.6%) (n = 47)
Germany	47	2013-01-06	2013-01-06	0	1901 (23.4%), 9363 (17.0%), 7822 (8.5%), 8126 (8.5%), 8156 (6.4%), 1588 (4.3%), 8135 (4.3%), 1594 (4.3%), 1582 (4.3%), 7363 (4.3%), 8143 (2.1%), 11997 (2.1%), 8776 (2.1%), 1591 (2.1%), 6726 (2.1%), 1892 (2.1%), 11107 (2.1%) (n = 47)	4995 (8.5%), 9500 (6.4%), 359 (6.4%), 5441 (6.4%), 387 (4.3%), 6961 (4.3%), 1407 (4.3%), 2226 (4.3%), 25 (4.3%), 2992 (4.3%), 7072 (2.1%), 11608 (2.1%), 10782 (2.1%), 10783 (2.1%), 4706 (2.1%), 10825 (2.1%), 13300 (2.1%), 5553 (2.1%), 10784 (2.1%), 2400 (2.1%), 11613 (2.1%), 9925 (2.1%), 4751 (2.1%), 10826 (2.1%), 11479 (2.1%), 4275 (2.1%), 3158 (2.1%), 6969 (2.1%), 5120 (2.1%), new (2.1%), 11614 (2.1%), 16219 (2.1%) (n = 47)	90 (19.1%), 63 (17.0%), 416 (8.5%), 987 (8.5%), 442 (6.4%), 729 (6.4%), 20 (4.3%), 186 (4.3%), 934 (2.1%), 158 (2.1%), 880 (2.1%), 985 (2.1%), 893 (2.1%), 946 (2.1%), 567 (2.1%), 247 (2.1%), 710 (2.1%), 563 (2.1%), 937 (2.1%), 1900 (2.1%) (n = 47)	yes (85.1%), no (14.9%) (n = 47)	yes (80.9%), no (19.1%) (n = 47)	no (51.1%), yes (48.9%) (n = 47)	porB1b (97.9%), porB1a (2.1%) (n = 47)	no (53.2%), yes (44.7%), EMPTY (2.1%) (n = 47)	no (80.9%), yes (17.0%), EMPTY (2.1%) (n = 47)	no (74.5%), yes (23.4%), EMPTY (2.1%) (n = 47)	no (63.8%), yes (36.2%) (n = 47)	no (53.2%), yes (46.8%) (n = 47)	no (100.0%) (n = 47)	no (76.6%), yes (23.4%) (n = 47)	no (76.6%), yes (23.4%) (n = 47)	no (83.0%), yes (17.0%) (n = 47)	yes (51.1%), no (48.9%) (n = 47)	no (66.0%), yes (34.0%) (n = 47)	no (97.9%), yes (2.1%) (n = 47)	no (93.6%), yes (6.4%) (n = 47)	no (100.0%) (n = 47)	no (63.8%), yes (36.2%) (n = 47)	no (97.9%), yes (2.1%) (n = 47)	no (97.9%), yes (2.1%) (n = 47)	no (100.0%) (n = 47)	no (76.6%), yes (23.4%) (n = 47)	no (76.6%), yes (23.4%) (n = 47)	no (100.0%) (n = 47)	no (100.0%) (n = 47)	no (95.7%), yes (4.3%) (n = 47)	no (76.6%), yes (23.4%) (n = 47)	no (100.0%) (n = 47)	no (100.0%) (n = 47)	no (97.9%), het (2.1%) (n = 47)	no (100.0%) (n = 47)	no (78.7%), yes (21.3%) (n = 47)	no (87.2%), yes (12.8%) (n = 47)
Latvia	38	2013-01-06	2013-01-06	0	1579 (50.0%), 1892 (15.8%), 1588 (13.2%), 1901 (10.5%), 11428 (5.3%), 1600 (2.6%), 10932 (2.6%) (n = 38)	5 (36.8%), 10828 (13.2%), 21 (7.9%), 4269 (7.9%), 3227 (5.3%), 5119 (5.3%), 10829 (2.6%), 10787 (2.6%), 5341 (2.6%), 10778 (2.6%), 7698 (2.6%), 10779 (2.6%), 10785 (2.6%), 10786 (2.6%), 3485 (2.6%) (n = 38)	139 (44.7%), 563 (15.8%), 869 (13.2%), 90 (13.2%), 63 (5.3%), 169 (2.6%), 903 (2.6%), 147 (2.6%) (n = 38)	yes (89.5%), no (10.5%) (n = 38)	yes (84.2%), no (15.8%) (n = 38)	yes (73.7%), no (26.3%) (n = 38)	porB1b (86.8%), porB1a (13.2%) (n = 38)	yes (63.2%), no (23.7%), EMPTY (13.2%) (n = 38)	yes (50.0%), no (36.8%), EMPTY (13.2%) (n = 38)	no (73.7%), EMPTY (13.2%), yes (13.2%) (n = 38)	yes (68.4%), no (31.6%) (n = 38)	yes (60.5%), no (39.5%) (n = 38)	no (100.0%) (n = 38)	no (94.7%), yes (5.3%) (n = 38)	no (81.6%), yes (18.4%) (n = 38)	no (94.7%), yes (5.3%) (n = 38)	no (73.7%), yes (26.3%) (n = 38)	no (86.8%), yes (13.2%) (n = 38)	no (100.0%) (n = 38)	no (100.0%) (n = 38)	no (100.0%) (n = 38)	no (86.8%), yes (13.2%) (n = 38)	no (100.0%) (n = 38)	no (86.8%), yes (13.2%) (n = 38)	no (100.0%) (n = 38)	no (86.8%), yes (13.2%) (n = 38)	no (86.8%), yes (13.2%) (n = 38)	no (100.0%) (n = 38)	no (100.0%) (n = 38)	no (100.0%) (n = 38)	no (86.8%), yes (13.2%) (n = 38)	no (100.0%) (n = 38)	no (100.0%) (n = 38)	no (97.4%), yes (2.6%) (n = 38)	no (100.0%) (n = 38)	no (84.2%), yes (15.8%) (n = 38)	no (86.8%), yes (13.2%) (n = 38)
Malta	20	2013-01-06	2013-01-06	0	11428 (30.0%), 1901 (15.0%), 11191 (10.0%), 9363 (10.0%), 11970 (10.0%), 9362 (10.0%), 7367 (5.0%), 11463 (5.0%), 1893 (5.0%) (n = 20)	2992 (35.0%), 10788 (10.0%), 9905 (10.0%), 484 (10.0%), 1407 (10.0%), 8422 (5.0%), 7445 (5.0%), 4684 (5.0%), 4822 (5.0%), 437 (5.0%) (n = 20)	63 (50.0%), 907 (10.0%), 90 (10.0%), 888 (10.0%), 925 (5.0%), 127 (5.0%), 441 (5.0%), 301 (5.0%) (n = 20)	yes (90.0%), no (10.0%) (n = 20)	yes (100.0%) (n = 20)	no (70.0%), yes (30.0%) (n = 20)	porB1b (80.0%), porB1a (20.0%) (n = 20)	no (60.0%), yes (25.0%), EMPTY (15.0%) (n = 20)	no (80.0%), EMPTY (15.0%), yes (5.0%) (n = 20)	no (65.0%), yes (20.0%), EMPTY (15.0%) (n = 20)	yes (60.0%), no (40.0%) (n = 20)	no (70.0%), yes (30.0%) (n = 20)	no (100.0%) (n = 20)	no (85.0%), yes (15.0%) (n = 20)	yes (65.0%), no (35.0%) (n = 20)	yes (55.0%), no (45.0%) (n = 20)	no (65.0%), yes (35.0%) (n = 20)	no (85.0%), yes (15.0%) (n = 20)	no (90.0%), yes (10.0%) (n = 20)	no (100.0%) (n = 20)	no (100.0%) (n = 20)	no (80.0%), yes (20.0%) (n = 20)	no (100.0%) (n = 20)	no (100.0%) (n = 20)	no (100.0%) (n = 20)	no (85.0%), yes (15.0%) (n = 20)	no (85.0%), yes (15.0%) (n = 20)	no (100.0%) (n = 20)	no (100.0%) (n = 20)	no (95.0%), yes (5.0%) (n = 20)	no (85.0%), yes (15.0%) (n = 20)	no (100.0%) (n = 20)	no (100.0%) (n = 20)	no (100.0%) (n = 20)	no (100.0%) (n = 20)	no (80.0%), yes (20.0%) (n = 20)	no (85.0%), yes (15.0%) (n = 20)
Cyprus	8	2013-01-06	2013-01-06	0	1901 (75.0%), 6726 (12.5%), 1582 (12.5%) (n = 8)	1407 (37.5%), new (25.0%), 6146 (12.5%), 4269 (12.5%), 10803 (12.5%) (n = 8)	90 (75.0%), 945 (12.5%), 899 (12.5%) (n = 8)	yes (87.5%), no (12.5%) (n = 8)	yes (100.0%) (n = 8)	yes (75.0%), no (25.0%) (n = 8)	porB1b (87.5%), porB1a (12.5%) (n = 8)	yes (75.0%), EMPTY (12.5%), no (12.5%) (n = 8)	no (87.5%), EMPTY (12.5%) (n = 8)	yes (75.0%), EMPTY (12.5%), no (12.5%) (n = 8)	no (87.5%), yes (12.5%) (n = 8)	yes (75.0%), no (25.0%) (n = 8)	no (100.0%) (n = 8)	no (87.5%), yes (12.5%) (n = 8)	no (87.5%), yes (12.5%) (n = 8)	no (100.0%) (n = 8)	yes (87.5%), no (12.5%) (n = 8)	yes (87.5%), no (12.5%) (n = 8)	no (100.0%) (n = 8)	no (100.0%) (n = 8)	no (100.0%) (n = 8)	yes (75.0%), no (25.0%) (n = 8)	no (100.0%) (n = 8)	no (100.0%) (n = 8)	no (100.0%) (n = 8)	yes (75.0%), no (25.0%) (n = 8)	yes (75.0%), no (25.0%) (n = 8)	no (100.0%) (n = 8)	no (100.0%) (n = 8)	no (100.0%) (n = 8)	yes (75.0%), no (25.0%) (n = 8)	no (100.0%) (n = 8)	no (100.0%) (n = 8)	no (100.0%) (n = 8)	no (100.0%) (n = 8)	no (100.0%) (n = 8)	no (87.5%), yes (12.5%) (n = 8)
Iceland	5	2013-01-06	2013-01-06	0	11979 (20.0%), 9363 (20.0%), 8156 (20.0%), 7363 (20.0%), 1579 (20.0%) (n = 5)	1034 (20.0%), 10640 (20.0%), 11080 (20.0%), 2400 (20.0%), 9541 (20.0%) (n = 5)	982 (20.0%), 906 (20.0%), 158 (20.0%), 139 (20.0%), 301 (20.0%) (n = 5)	yes (100.0%) (n = 5)	yes (80.0%), no (20.0%) (n = 5)	yes (60.0%), no (40.0%) (n = 5)	porB1b (100.0%) (n = 5)	no (60.0%), yes (40.0%) (n = 5)	no (60.0%), yes (40.0%) (n = 5)	no (100.0%) (n = 5)	yes (60.0%), no (40.0%) (n = 5)	yes (60.0%), no (40.0%) (n = 5)	no (100.0%) (n = 5)	no (100.0%) (n = 5)	no (60.0%), yes (40.0%) (n = 5)	no (80.0%), yes (20.0%) (n = 5)	no (60.0%), yes (40.0%) (n = 5)	no (60.0%), yes (40.0%) (n = 5)	no (100.0%) (n = 5)	no (100.0%) (n = 5)	no (100.0%) (n = 5)	no (100.0%) (n = 5)	no (100.0%) (n = 5)	no (100.0%) (n = 5)	no (100.0%) (n = 5)	no (100.0%) (n = 5)	no (100.0%) (n = 5)	no (100.0%) (n = 5)	no (100.0%) (n = 5)	no (100.0%) (n = 5)	no (100.0%) (n = 5)	no (100.0%) (n = 5)	no (100.0%) (n = 5)	no (100.0%) (n = 5)	no (100.0%) (n = 5)	no (80.0%), yes (20.0%) (n = 5)	no (80.0%), yes (20.0%) (n = 5)
